room_id,day,shift,global_shift,total_room_workload,max_skill_required
r00,0,early,0,10,2
r00,0,late,1,9,2
r00,0,night,2,6,1
r00,1,early,3,7,2
r00,1,late,4,10,2
r00,1,night,5,5,1
r00,2,early,6,10,2
r00,2,late,7,9,2
r00,2,night,8,4,1
r00,3,early,9,9,2
r00,3,late,10,10,2
r00,3,night,11,5,0
r00,4,early,12,9,2
r00,4,late,13,9,2
r00,4,night,14,6,1
r00,5,early,15,9,2
r00,5,late,16,7,1
r00,5,night,17,7,1
r00,6,early,18,5,2
r00,6,late,19,7,2
r00,6,night,20,5,0
r00,7,early,21,10,2
r00,7,late,22,8,2
r00,7,night,23,7,1
r00,8,early,24,6,2
r00,8,late,25,8,2
r00,8,night,26,5,1
r00,9,early,27,8,1
r00,9,late,28,7,2
r00,9,night,29,5,0
r00,10,early,30,10,2
r00,10,late,31,9,2
r00,10,night,32,6,1
r00,11,early,33,7,1
r00,11,late,34,8,1
r00,11,night,35,5,1
r00,12,early,36,6,1
r00,12,late,37,2,0
r00,12,night,38,3,1
r00,13,early,39,2,1
r00,13,late,40,2,1
r00,13,night,41,2,0
r01,0,early,0,7,2
r01,0,late,1,8,2
r01,0,night,2,6,0
r01,1,early,3,8,2
r01,1,late,4,7,2
r01,1,night,5,6,1
r01,2,early,6,9,2
r01,2,late,7,9,2
r01,2,night,8,5,1
r01,3,early,9,9,2
r01,3,late,10,7,2
r01,3,night,11,5,1
r01,4,early,12,10,2
r01,4,late,13,8,2
r01,4,night,14,7,1
r01,5,early,15,11,2
r01,5,late,16,9,2
r01,5,night,17,6,1
r01,6,early,18,10,2
r01,6,late,19,7,1
r01,6,night,20,7,0
r01,7,early,21,8,2
r01,7,late,22,10,2
r01,7,night,23,6,1
r01,8,early,24,11,2
r01,8,late,25,8,1
r01,8,night,26,7,1
r01,9,early,27,9,2
r01,9,late,28,7,1
r01,9,night,29,6,1
r01,10,early,30,11,1
r01,10,late,31,9,1
r01,10,night,32,7,0
r01,11,early,33,10,2
r01,11,late,34,8,2
r01,11,night,35,7,1
r01,12,early,36,6,1
r01,12,late,37,7,2
r01,12,night,38,4,1
r01,13,early,39,4,2
r01,13,late,40,4,2
r01,13,night,41,4,1
r02,0,early,0,7,2
r02,0,late,1,7,2
r02,0,night,2,3,1
r02,1,early,3,6,1
r02,1,late,4,6,1
r02,1,night,5,4,0
r02,2,early,6,8,1
r02,2,late,7,4,2
r02,2,night,8,3,0
r02,3,early,9,4,2
r02,3,late,10,9,2
r02,3,night,11,3,1
r02,4,early,12,6,2
r02,4,late,13,9,1
r02,4,night,14,4,1
r02,5,early,15,8,1
r02,5,late,16,6,2
r02,5,night,17,5,1
r02,6,early,18,7,2
r02,6,late,19,8,2
r02,6,night,20,4,0
r02,7,early,21,7,1
r02,7,late,22,8,1
r02,7,night,23,3,0
r02,8,early,24,6,1
r02,8,late,25,6,2
r02,8,night,26,6,1
r02,9,early,27,9,2
r02,9,late,28,7,2
r02,9,night,29,5,0
r02,10,early,30,9,2
r02,10,late,31,8,1
r02,10,night,32,6,0
r02,11,early,33,6,2
r02,11,late,34,8,2
r02,11,night,35,3,1
r02,12,early,36,6,2
r02,12,late,37,8,2
r02,12,night,38,4,1
r02,13,early,39,2,0
r02,13,late,40,1,2
r02,13,night,41,1,0
r03,0,early,0,8,2
r03,0,late,1,7,2
r03,0,night,2,5,1
r03,1,early,3,8,1
r03,1,late,4,8,2
r03,1,night,5,4,1
r03,2,early,6,9,2
r03,2,late,7,10,1
r03,2,night,8,6,1
r03,3,early,9,8,2
r03,3,late,10,8,0
r03,3,night,11,6,1
r03,4,early,12,11,2
r03,4,late,13,7,2
r03,4,night,14,7,1
r03,5,early,15,7,2
r03,5,late,16,6,2
r03,5,night,17,6,1
r03,6,early,18,9,2
r03,6,late,19,10,2
r03,6,night,20,7,1
r03,7,early,21,10,2
r03,7,late,22,9,2
r03,7,night,23,4,1
r03,8,early,24,11,2
r03,8,late,25,11,1
r03,8,night,26,4,1
r03,9,early,27,9,2
r03,9,late,28,10,2
r03,9,night,29,4,0
r03,10,early,30,8,2
r03,10,late,31,10,2
r03,10,night,32,6,1
r03,11,early,33,8,2
r03,11,late,34,8,2
r03,11,night,35,8,1
r03,12,early,36,3,2
r03,12,late,37,2,0
r03,12,night,38,1,0
r03,13,early,39,3,2
r03,13,late,40,3,0
r03,13,night,41,2,0
r04,0,early,0,5,2
r04,0,late,1,7,2
r04,0,night,2,3,1
r04,1,early,3,6,1
r04,1,late,4,9,2
r04,1,night,5,3,0
r04,2,early,6,9,2
r04,2,late,7,6,1
r04,2,night,8,5,1
r04,3,early,9,7,2
r04,3,late,10,7,1
r04,3,night,11,5,0
r04,4,early,12,8,1
r04,4,late,13,6,2
r04,4,night,14,5,0
r04,5,early,15,9,2
r04,5,late,16,8,2
r04,5,night,17,6,1
r04,6,early,18,7,2
r04,6,late,19,8,2
r04,6,night,20,6,1
r04,7,early,21,7,2
r04,7,late,22,5,2
r04,7,night,23,5,0
r04,8,early,24,7,2
r04,8,late,25,7,1
r04,8,night,26,3,1
r04,9,early,27,5,2
r04,9,late,28,8,2
r04,9,night,29,4,1
r04,10,early,30,7,2
r04,10,late,31,8,1
r04,10,night,32,4,1
r04,11,early,33,7,2
r04,11,late,34,8,2
r04,11,night,35,5,1
r04,12,early,36,7,2
r04,12,late,37,4,2
r04,12,night,38,4,1
r05,0,early,0,2,0
r05,0,late,1,3,1
r05,0,night,2,1,1
r05,1,early,3,5,2
r05,1,late,4,4,1
r05,1,night,5,3,1
r05,2,early,6,3,2
r05,2,late,7,2,1
r05,2,night,8,2,0
r05,3,early,9,5,2
r05,3,late,10,4,1
r05,3,night,11,2,0
r05,4,early,12,3,2
r05,4,late,13,1,0
r05,4,night,14,2,0
r05,5,early,15,4,2
r05,5,late,16,5,1
r05,5,night,17,4,0
r05,6,early,18,4,1
r05,6,late,19,4,1
r05,6,night,20,3,0
r05,7,early,21,4,1
r05,7,late,22,6,0
r05,7,night,23,3,1
r05,8,early,24,5,0
r05,8,late,25,3,1
r05,8,night,26,3,0
r05,9,early,27,4,1
r05,9,late,28,4,2
r05,9,night,29,2,1
r05,10,early,30,4,1
r05,10,late,31,5,1
r05,10,night,32,4,0
r05,11,early,33,5,0
r05,11,late,34,2,1
r05,11,night,35,2,0
r05,12,early,36,6,1
r05,12,late,37,4,2
r05,12,night,38,3,0
r06,0,early,0,1,2
r06,0,late,1,2,2
r06,0,night,2,1,0
r06,1,early,3,5,2
r06,1,late,4,6,0
r06,1,night,5,3,1
r06,2,early,6,3,1
r06,2,late,7,6,1
r06,2,night,8,2,1
r06,3,early,9,2,1
r06,3,late,10,4,1
r06,3,night,11,2,1
r06,4,early,12,3,2
r06,4,late,13,3,1
r06,4,night,14,2,1
r06,5,early,15,2,2
r06,5,late,16,3,2
r06,5,night,17,2,0
r06,6,early,18,4,2
r06,6,late,19,4,2
r06,6,night,20,3,0
r06,7,early,21,3,2
r06,7,late,22,3,2
r06,7,night,23,4,0
r06,8,early,24,3,0
r06,8,late,25,5,2
r06,8,night,26,3,0
r06,9,early,27,5,1
r06,9,late,28,4,1
r06,9,night,29,4,0
r06,10,early,30,6,2
r06,10,late,31,5,1
r06,10,night,32,2,1
r06,11,early,33,4,2
r06,11,late,34,5,2
r06,11,night,35,4,0
r06,12,early,36,2,0
r06,12,late,37,2,2
r06,12,night,38,2,0
r06,13,early,39,1,0
r06,13,late,40,2,2
r06,13,night,41,2,1
r07,0,early,0,3,0
r07,0,late,1,2,0
r07,0,night,2,1,0
r07,1,early,3,5,1
r07,1,late,4,3,2
r07,1,night,5,2,0
r07,2,early,6,6,2
r07,2,late,7,5,1
r07,2,night,8,2,0
r07,3,early,9,4,1
r07,3,late,10,6,0
r07,3,night,11,3,1
r07,4,early,12,5,2
r07,4,late,13,4,2
r07,4,night,14,3,1
r07,5,early,15,5,2
r07,5,late,16,5,2
r07,5,night,17,2,1
r07,6,early,18,5,2
r07,6,late,19,5,1
r07,6,night,20,4,1
r07,7,early,21,5,0
r07,7,late,22,6,2
r07,7,night,23,3,1
r07,8,early,24,4,1
r07,8,late,25,5,1
r07,8,night,26,2,0
r07,9,early,27,4,2
r07,9,late,28,6,2
r07,9,night,29,3,1
r07,10,early,30,3,2
r07,10,late,31,4,2
r07,10,night,32,2,1
r07,11,early,33,4,1
r07,11,late,34,3,2
r07,11,night,35,3,0
r07,12,early,36,3,2
r07,12,late,37,3,2
r07,12,night,38,2,0
r07,13,early,39,2,2
r07,13,late,40,2,1
r07,13,night,41,2,1
r08,0,early,0,11,2
r08,0,late,1,8,2
r08,0,night,2,6,1
r08,1,early,3,8,2
r08,1,late,4,10,2
r08,1,night,5,6,1
r08,2,early,6,8,1
r08,2,late,7,9,1
r08,2,night,8,6,0
r08,3,early,9,10,0
r08,3,late,10,8,2
r08,3,night,11,6,1
r08,4,early,12,10,1
r08,4,late,13,9,1
r08,4,night,14,5,1
r08,5,early,15,11,2
r08,5,late,16,11,2
r08,5,night,17,4,1
r08,6,early,18,8,2
r08,6,late,19,9,2
r08,6,night,20,8,1
r08,7,early,21,9,2
r08,7,late,22,11,2
r08,7,night,23,5,1
r08,8,early,24,9,2
r08,8,late,25,8,2
r08,8,night,26,6,1
r08,9,early,27,8,1
r08,9,late,28,11,2
r08,9,night,29,7,0
r08,10,early,30,9,2
r08,10,late,31,10,2
r08,10,night,32,7,1
r08,11,early,33,11,2
r08,11,late,34,8,2
r08,11,night,35,6,0
r08,12,early,36,4,1
r08,12,late,37,3,2
r08,12,night,38,3,1
r09,0,early,0,2,2
r09,0,late,1,3,0
r09,0,night,2,2,0
r09,1,early,3,8,2
r09,1,late,4,8,2
r09,1,night,5,5,1
r09,2,early,6,5,2
r09,2,late,7,8,2
r09,2,night,8,5,1
r09,3,early,9,7,2
r09,3,late,10,7,2
r09,3,night,11,3,1
r09,4,early,12,8,2
r09,4,late,13,7,2
r09,4,night,14,4,1
r09,5,early,15,5,1
r09,5,late,16,5,2
r09,5,night,17,5,1
r09,6,early,18,6,0
r09,6,late,19,7,2
r09,6,night,20,5,1
r09,7,early,21,7,2
r09,7,late,22,6,1
r09,7,night,23,5,1
r09,8,early,24,8,2
r09,8,late,25,6,2
r09,8,night,26,6,1
r09,9,early,27,7,2
r09,9,late,28,6,2
r09,9,night,29,5,1
r09,10,early,30,8,2
r09,10,late,31,8,0
r09,10,night,32,4,1
r09,11,early,33,6,2
r09,11,late,34,2,2
r09,11,night,35,2,1
r09,12,early,36,3,2
r09,12,late,37,3,2
r09,12,night,38,2,0
r09,13,early,39,1,2
r09,13,late,40,1,1
r09,13,night,41,1,0
r10,0,early,0,8,2
r10,0,late,1,9,2
r10,0,night,2,4,0
r10,1,early,3,10,2
r10,1,late,4,7,2
r10,1,night,5,5,1
r10,2,early,6,5,1
r10,2,late,7,8,2
r10,2,night,8,4,1
r10,3,early,9,8,2
r10,3,late,10,10,2
r10,3,night,11,6,0
r10,4,early,12,9,2
r10,4,late,13,10,2
r10,4,night,14,6,0
r10,5,early,15,10,2
r10,5,late,16,10,2
r10,5,night,17,6,1
r10,6,early,18,9,1
r10,6,late,19,9,2
r10,6,night,20,6,0
r10,7,early,21,8,2
r10,7,late,22,7,2
r10,7,night,23,6,1
r10,8,early,24,11,2
r10,8,late,25,9,2
r10,8,night,26,4,1
r10,9,early,27,9,2
r10,9,late,28,8,2
r10,9,night,29,7,1
r10,10,early,30,7,1
r10,10,late,31,8,2
r10,10,night,32,4,1
r10,11,early,33,5,1
r10,11,late,34,7,1
r10,11,night,35,5,1
r10,12,early,36,3,2
r10,12,late,37,5,2
r10,12,night,38,2,0
r10,13,early,39,3,2
r10,13,late,40,2,0
r10,13,night,41,2,0
r11,0,early,0,4,2
r11,0,late,1,5,1
r11,0,night,2,2,1
r11,1,early,3,2,1
r11,1,late,4,3,2
r11,1,night,5,2,0
r11,2,early,6,5,2
r11,2,late,7,5,2
r11,2,night,8,4,1
r11,3,early,9,5,2
r11,3,late,10,5,2
r11,3,night,11,3,0
r11,4,early,12,4,2
r11,4,late,13,4,1
r11,4,night,14,3,1
r11,5,early,15,5,2
r11,5,late,16,4,0
r11,5,night,17,3,0
r11,6,early,18,5,2
r11,6,late,19,6,1
r11,6,night,20,4,0
r11,7,early,21,5,0
r11,7,late,22,5,1
r11,7,night,23,3,1
r11,8,early,24,4,2
r11,8,late,25,3,1
r11,8,night,26,3,1
r11,9,early,27,6,0
r11,9,late,28,3,2
r11,9,night,29,3,0
r11,10,early,30,5,0
r11,10,late,31,3,2
r11,10,night,32,3,1
r11,11,early,33,5,1
r11,11,late,34,6,2
r11,11,night,35,4,0
r12,0,early,0,10,2
r12,0,late,1,6,2
r12,0,night,2,5,1
r12,1,early,3,10,2
r12,1,late,4,8,2
r12,1,night,5,5,1
r12,2,early,6,8,1
r12,2,late,7,9,2
r12,2,night,8,6,1
r12,3,early,9,9,2
r12,3,late,10,9,2
r12,3,night,11,7,1
r12,4,early,12,9,1
r12,4,late,13,8,2
r12,4,night,14,7,0
r12,5,early,15,10,1
r12,5,late,16,9,2
r12,5,night,17,4,1
r12,6,early,18,7,1
r12,6,late,19,8,2
r12,6,night,20,5,1
r12,7,early,21,9,2
r12,7,late,22,6,2
r12,7,night,23,6,1
r12,8,early,24,9,2
r12,8,late,25,9,2
r12,8,night,26,6,1
r12,9,early,27,11,2
r12,9,late,28,8,2
r12,9,night,29,7,0
r12,10,early,30,9,1
r12,10,late,31,7,2
r12,10,night,32,6,1
r12,11,early,33,6,2
r12,11,late,34,6,2
r12,11,night,35,3,1
r12,12,early,36,5,1
r12,12,late,37,5,2
r12,12,night,38,2,0
r12,13,early,39,3,2
r12,13,late,40,3,0
r12,13,night,41,1,0
r13,0,early,0,3,2
r13,0,late,1,4,2
r13,0,night,2,2,1
r13,1,early,3,5,2
r13,1,late,4,5,1
r13,1,night,5,2,1
r13,2,early,6,1,0
r13,2,late,7,2,1
r13,2,night,8,1,1
r13,3,early,9,5,2
r13,3,late,10,3,2
r13,3,night,11,3,0
r13,4,early,12,5,1
r13,4,late,13,4,2
r13,4,night,14,2,0
r13,5,early,15,5,2
r13,5,late,16,5,2
r13,5,night,17,3,0
r13,6,early,18,4,0
r13,6,late,19,4,2
r13,6,night,20,4,0
r13,7,early,21,5,1
r13,7,late,22,2,1
r13,7,night,23,3,1
r13,8,early,24,4,2
r13,8,late,25,5,2
r13,8,night,26,3,1
r13,9,early,27,4,0
r13,9,late,28,6,1
r13,9,night,29,2,1
r13,10,early,30,6,1
r13,10,late,31,6,1
r13,10,night,32,4,1
r13,11,early,33,3,0
r13,11,late,34,3,1
r13,11,night,35,2,0
r13,12,early,36,3,2
r13,12,late,37,3,0
r13,12,night,38,1,0
r13,13,early,39,3,2
r13,13,late,40,2,2
r13,13,night,41,2,0
r14,0,early,0,3,2
r14,0,late,1,7,1
r14,0,night,2,3,1
r14,1,early,3,6,1
r14,1,late,4,7,2
r14,1,night,5,5,1
r14,2,early,6,8,2
r14,2,late,7,7,1
r14,2,night,8,5,0
r14,3,early,9,8,2
r14,3,late,10,7,2
r14,3,night,11,4,1
r14,4,early,12,7,2
r14,4,late,13,7,2
r14,4,night,14,5,1
r14,5,early,15,8,1
r14,5,late,16,6,0
r14,5,night,17,5,1
r14,6,early,18,8,2
r14,6,late,19,7,1
r14,6,night,20,4,0
r14,7,early,21,7,2
r14,7,late,22,8,2
r14,7,night,23,4,1
r14,8,early,24,8,2
r14,8,late,25,5,2
r14,8,night,26,5,1
r14,9,early,27,6,2
r14,9,late,28,4,2
r14,9,night,29,4,1
r14,10,early,30,4,2
r14,10,late,31,3,1
r14,10,night,32,4,1
r14,11,early,33,2,2
r14,11,late,34,1,0
r14,11,night,35,2,0
r15,0,early,0,4,0
r15,0,late,1,5,1
r15,0,night,2,2,0
r15,1,early,3,4,2
r15,1,late,4,4,1
r15,1,night,5,3,0
r15,2,early,6,4,2
r15,2,late,7,3,0
r15,2,night,8,2,1
r15,3,early,9,3,1
r15,3,late,10,3,2
r15,3,night,11,2,1
r15,4,early,12,3,2
r15,4,late,13,4,1
r15,4,night,14,4,0
r15,5,early,15,5,1
r15,5,late,16,4,1
r15,5,night,17,3,1
r15,6,early,18,5,2
r15,6,late,19,3,2
r15,6,night,20,4,1
r15,7,early,21,5,1
r15,7,late,22,6,2
r15,7,night,23,2,1
r15,8,early,24,4,2
r15,8,late,25,4,1
r15,8,night,26,2,1
r15,9,early,27,5,1
r15,9,late,28,5,2
r15,9,night,29,2,0
r15,10,early,30,6,2
r15,10,late,31,5,1
r15,10,night,32,3,1
r15,11,early,33,3,0
r15,11,late,34,1,0
r15,11,night,35,2,1
