person_id,person_type,room_id,day,shift,global_shift,workload,skill_required
a1,occupant,r0,0,early,0,1,2
a2,occupant,r0,0,early,0,2,0
a1,occupant,r0,0,late,1,1,2
a2,occupant,r0,0,late,1,2,0
a1,occupant,r0,0,night,2,1,0
a2,occupant,r0,0,night,2,1,1
a1,occupant,r0,1,early,3,1,1
a2,occupant,r0,1,early,3,3,1
a1,occupant,r0,1,late,4,3,2
a2,occupant,r0,1,late,4,2,0
a1,occupant,r0,1,night,5,1,0
a2,occupant,r0,1,night,5,1,0
p02,patient,r0,2,early,6,2,2
p05,patient,r0,2,early,6,2,1
p06,patient,r0,2,early,6,2,2
p02,patient,r0,2,late,7,3,0
p05,patient,r0,2,late,7,2,1
p06,patient,r0,2,late,7,3,1
p02,patient,r0,2,night,8,1,0
p05,patient,r0,2,night,8,2,1
p06,patient,r0,2,night,8,2,1
p02,patient,r0,3,early,9,2,2
p05,patient,r0,3,early,9,2,1
p06,patient,r0,3,early,9,2,1
p02,patient,r0,3,late,10,3,2
p05,patient,r0,3,late,10,3,2
p06,patient,r0,3,late,10,3,2
p02,patient,r0,3,night,11,2,0
p05,patient,r0,3,night,11,1,1
p06,patient,r0,3,night,11,1,1
p02,patient,r0,4,early,12,2,1
p05,patient,r0,4,early,12,2,0
p06,patient,r0,4,early,12,2,2
p02,patient,r0,4,late,13,2,0
p05,patient,r0,4,late,13,3,2
p06,patient,r0,4,late,13,3,0
p02,patient,r0,4,night,14,1,0
p05,patient,r0,4,night,14,2,1
p06,patient,r0,4,night,14,1,1
p02,patient,r0,5,early,15,2,0
p05,patient,r0,5,early,15,3,1
p06,patient,r0,5,early,15,2,2
p02,patient,r0,5,late,16,3,0
p05,patient,r0,5,late,16,3,1
p06,patient,r0,5,late,16,2,1
p02,patient,r0,5,night,17,2,1
p05,patient,r0,5,night,17,2,0
p06,patient,r0,5,night,17,2,1
p02,patient,r0,6,early,18,2,1
p05,patient,r0,6,early,18,3,1
p06,patient,r0,6,early,18,2,1
p02,patient,r0,6,late,19,3,2
p05,patient,r0,6,late,19,3,1
p06,patient,r0,6,late,19,3,2
p02,patient,r0,6,night,20,2,0
p05,patient,r0,6,night,20,2,0
p06,patient,r0,6,night,20,2,0
p02,patient,r0,7,early,21,3,2
p05,patient,r0,7,early,21,2,1
p06,patient,r0,7,early,21,1,1
p02,patient,r0,7,late,22,3,0
p05,patient,r0,7,late,22,3,2
p06,patient,r0,7,late,22,1,2
p02,patient,r0,7,night,23,1,0
p05,patient,r0,7,night,23,1,0
p06,patient,r0,7,night,23,2,0
p02,patient,r0,8,early,24,2,2
p05,patient,r0,8,early,24,2,1
p02,patient,r0,8,late,25,1,1
p05,patient,r0,8,late,25,1,1
p02,patient,r0,8,night,26,1,1
p05,patient,r0,8,night,26,2,1
p25,patient,r0,9,early,27,3,1
p14,patient,r0,9,early,27,3,2
p24,patient,r0,9,early,27,2,0
p25,patient,r0,9,late,28,3,0
p14,patient,r0,9,late,28,2,0
p24,patient,r0,9,late,28,2,1
p25,patient,r0,9,night,29,1,0
p14,patient,r0,9,night,29,1,1
p24,patient,r0,9,night,29,2,0
p25,patient,r0,10,early,30,3,2
p14,patient,r0,10,early,30,2,1
p24,patient,r0,10,early,30,2,0
p25,patient,r0,10,late,31,3,1
p14,patient,r0,10,late,31,3,0
p24,patient,r0,10,late,31,3,1
p25,patient,r0,10,night,32,2,0
p14,patient,r0,10,night,32,2,0
p24,patient,r0,10,night,32,2,0
p25,patient,r0,11,early,33,2,1
p14,patient,r0,11,early,33,2,2
p24,patient,r0,11,early,33,2,0
p25,patient,r0,11,late,34,3,1
p14,patient,r0,11,late,34,3,0
p24,patient,r0,11,late,34,2,0
p25,patient,r0,11,night,35,2,0
p14,patient,r0,11,night,35,1,1
p24,patient,r0,11,night,35,1,0
p25,patient,r0,12,early,36,3,0
p14,patient,r0,12,early,36,1,1
p24,patient,r0,12,early,36,2,2
p25,patient,r0,12,late,37,2,2
p14,patient,r0,12,late,37,2,0
p24,patient,r0,12,late,37,2,0
p25,patient,r0,12,night,38,2,0
p14,patient,r0,12,night,38,2,0
p24,patient,r0,12,night,38,2,0
p25,patient,r0,13,early,39,3,1
p24,patient,r0,13,early,39,2,1
p25,patient,r0,13,late,40,1,1
p24,patient,r0,13,late,40,1,0
p25,patient,r0,13,night,41,1,1
p24,patient,r0,13,night,41,2,0
p01,patient,r1,2,early,6,2,1
p09,patient,r1,2,early,6,2,1
p01,patient,r1,2,late,7,2,1
p09,patient,r1,2,late,7,2,0
p01,patient,r1,2,night,8,2,1
p09,patient,r1,2,night,8,1,0
p01,patient,r1,3,early,9,2,2
p09,patient,r1,3,early,9,2,2
p01,patient,r1,3,late,10,2,2
p09,patient,r1,3,late,10,2,2
p01,patient,r1,3,night,11,2,1
p09,patient,r1,3,night,11,2,1
p01,patient,r1,4,early,12,2,0
p09,patient,r1,4,early,12,2,1
p01,patient,r1,4,late,13,3,1
p09,patient,r1,4,late,13,2,0
p01,patient,r1,4,night,14,1,0
p09,patient,r1,4,night,14,2,0
p01,patient,r1,5,early,15,2,1
p09,patient,r1,5,early,15,3,0
p01,patient,r1,5,late,16,2,1
p09,patient,r1,5,late,16,3,1
p01,patient,r1,5,night,17,1,0
p09,patient,r1,5,night,17,2,0
p01,patient,r1,6,early,18,2,2
p19,patient,r1,6,early,18,3,0
p01,patient,r1,6,late,19,3,0
p19,patient,r1,6,late,19,2,0
p01,patient,r1,6,night,20,2,0
p19,patient,r1,6,night,20,1,0
p01,patient,r1,7,early,21,2,0
p19,patient,r1,7,early,21,3,1
p01,patient,r1,7,late,22,3,2
p19,patient,r1,7,late,22,1,1
p01,patient,r1,7,night,23,2,0
p19,patient,r1,7,night,23,2,0
p01,patient,r1,8,early,24,2,2
p19,patient,r1,8,early,24,1,2
p01,patient,r1,8,late,25,3,1
p19,patient,r1,8,late,25,2,2
p01,patient,r1,8,night,26,2,0
p19,patient,r1,8,night,26,2,1
p01,patient,r1,9,early,27,2,1
p26,patient,r1,9,early,27,3,1
p01,patient,r1,9,late,28,1,1
p26,patient,r1,9,late,28,2,0
p01,patient,r1,9,night,29,1,0
p26,patient,r1,9,night,29,2,0
p26,patient,r1,10,early,30,3,0
p27,patient,r1,10,early,30,3,2
p26,patient,r1,10,late,31,3,2
p27,patient,r1,10,late,31,2,1
p26,patient,r1,10,night,32,1,0
p27,patient,r1,10,night,32,1,0
p26,patient,r1,11,early,33,2,1
p27,patient,r1,11,early,33,2,2
p26,patient,r1,11,late,34,2,2
p27,patient,r1,11,late,34,3,2
p26,patient,r1,11,night,35,1,0
p27,patient,r1,11,night,35,2,0
p26,patient,r1,12,early,36,3,1
p27,patient,r1,12,early,36,3,1
p26,patient,r1,12,late,37,3,2
p27,patient,r1,12,late,37,1,2
p26,patient,r1,12,night,38,1,1
p27,patient,r1,12,night,38,1,0
p26,patient,r1,13,early,39,3,2
p27,patient,r1,13,early,39,1,1
p26,patient,r1,13,late,40,2,1
p27,patient,r1,13,late,40,1,0
p26,patient,r1,13,night,41,1,0
p27,patient,r1,13,night,41,2,0
p03,patient,r2,2,early,6,3,0
p04,patient,r2,2,early,6,2,0
p03,patient,r2,2,late,7,2,0
p04,patient,r2,2,late,7,2,2
p03,patient,r2,2,night,8,2,1
p04,patient,r2,2,night,8,1,1
p03,patient,r2,3,early,9,2,0
p04,patient,r2,3,early,9,2,0
p03,patient,r2,3,late,10,3,0
p04,patient,r2,3,late,10,3,2
p03,patient,r2,3,night,11,2,0
p04,patient,r2,3,night,11,1,0
p03,patient,r2,4,early,12,1,0
p04,patient,r2,4,early,12,2,1
p03,patient,r2,4,late,13,1,0
p04,patient,r2,4,late,13,2,2
p03,patient,r2,4,night,14,1,0
p04,patient,r2,4,night,14,2,0
p03,patient,r2,5,early,15,2,2
p04,patient,r2,5,early,15,2,1
p03,patient,r2,5,late,16,1,0
p04,patient,r2,5,late,16,3,1
p03,patient,r2,5,night,17,1,0
p04,patient,r2,5,night,17,2,0
p04,patient,r2,6,early,18,2,1
p15,patient,r2,6,early,18,3,0
p04,patient,r2,6,late,19,2,1
p15,patient,r2,6,late,19,2,1
p04,patient,r2,6,night,20,2,0
p15,patient,r2,6,night,20,2,1
p04,patient,r2,7,early,21,1,0
p15,patient,r2,7,early,21,2,1
p04,patient,r2,7,late,22,1,0
p15,patient,r2,7,late,22,2,0
p04,patient,r2,7,night,23,2,1
p15,patient,r2,7,night,23,2,0
p15,patient,r2,8,early,24,3,0
p20,patient,r2,8,early,24,2,2
p15,patient,r2,8,late,25,2,0
p20,patient,r2,8,late,25,2,0
p15,patient,r2,8,night,26,1,0
p20,patient,r2,8,night,26,2,0
p15,patient,r2,9,early,27,3,2
p20,patient,r2,9,early,27,2,0
p15,patient,r2,9,late,28,3,2
p20,patient,r2,9,late,28,2,1
p15,patient,r2,9,night,29,2,0
p20,patient,r2,9,night,29,1,1
p20,patient,r2,10,early,30,3,0
p07,patient,r2,10,early,30,2,2
p20,patient,r2,10,late,31,2,2
p07,patient,r2,10,late,31,2,1
p20,patient,r2,10,night,32,2,0
p07,patient,r2,10,night,32,2,0
p20,patient,r2,11,early,33,1,0
p07,patient,r2,11,early,33,2,1
p20,patient,r2,11,late,34,3,0
p07,patient,r2,11,late,34,2,0
p20,patient,r2,11,night,35,1,0
p07,patient,r2,11,night,35,1,0
p20,patient,r2,12,early,36,1,0
p07,patient,r2,12,early,36,3,0
p20,patient,r2,12,late,37,1,1
p07,patient,r2,12,late,37,2,2
p20,patient,r2,12,night,38,1,0
p07,patient,r2,12,night,38,1,1
p20,patient,r2,13,early,39,1,0
p07,patient,r2,13,early,39,2,2
p20,patient,r2,13,late,40,1,0
p07,patient,r2,13,late,40,3,1
p20,patient,r2,13,night,41,2,0
p07,patient,r2,13,night,41,2,0
a0,occupant,r3,0,early,0,1,1
a0,occupant,r3,0,late,1,1,2
a0,occupant,r3,0,night,2,1,0
p10,patient,r3,2,early,6,2,0
p10,patient,r3,2,late,7,3,1
p10,patient,r3,2,night,8,1,0
p10,patient,r3,3,early,9,2,1
p10,patient,r3,3,late,10,3,0
p10,patient,r3,3,night,11,2,1
p10,patient,r3,4,early,12,2,2
p10,patient,r3,4,late,13,3,0
p10,patient,r3,4,night,14,1,0
p11,patient,r3,5,early,15,2,0
p17,patient,r3,5,early,15,2,1
p11,patient,r3,5,late,16,2,0
p17,patient,r3,5,late,16,2,1
p11,patient,r3,5,night,17,1,0
p17,patient,r3,5,night,17,1,1
p11,patient,r3,6,early,18,3,0
p17,patient,r3,6,early,18,2,2
p11,patient,r3,6,late,19,2,2
p17,patient,r3,6,late,19,2,2
p11,patient,r3,6,night,20,1,0
p17,patient,r3,6,night,20,1,0
p11,patient,r3,7,early,21,2,0
p17,patient,r3,7,early,21,3,2
p11,patient,r3,7,late,22,2,0
p17,patient,r3,7,late,22,2,1
p11,patient,r3,7,night,23,2,1
p17,patient,r3,7,night,23,2,0
p11,patient,r3,8,early,24,2,0
p17,patient,r3,8,early,24,1,1
p11,patient,r3,8,late,25,2,1
p17,patient,r3,8,late,25,3,0
p11,patient,r3,8,night,26,2,1
p17,patient,r3,8,night,26,1,0
p11,patient,r3,9,early,27,3,0
p08,patient,r3,9,early,27,2,2
p11,patient,r3,9,late,28,2,2
p08,patient,r3,9,late,28,2,2
p11,patient,r3,9,night,29,1,0
p08,patient,r3,9,night,29,1,0
p11,patient,r3,10,early,30,3,2
p08,patient,r3,10,early,30,3,1
p11,patient,r3,10,late,31,1,1
p08,patient,r3,10,late,31,2,1
p11,patient,r3,10,night,32,1,0
p08,patient,r3,10,night,32,1,0
p08,patient,r3,11,early,33,2,1
p22,patient,r3,11,early,33,3,2
p08,patient,r3,11,late,34,2,2
p22,patient,r3,11,late,34,3,0
p08,patient,r3,11,night,35,1,0
p22,patient,r3,11,night,35,2,0
p08,patient,r3,12,early,36,3,0
p22,patient,r3,12,early,36,2,0
p08,patient,r3,12,late,37,3,2
p22,patient,r3,12,late,37,2,1
p08,patient,r3,12,night,38,1,0
p22,patient,r3,12,night,38,1,1
p08,patient,r3,13,early,39,3,1
p22,patient,r3,13,early,39,3,1
p08,patient,r3,13,late,40,2,2
p22,patient,r3,13,late,40,3,2
p08,patient,r3,13,night,41,2,0
p22,patient,r3,13,night,41,2,1
