room_id,day,shift,global_shift,total_room_workload,max_skill_required
r0,0,early,0,6,2
r0,0,late,1,4,2
r0,0,night,2,3,0
r0,1,early,3,10,1
r0,1,late,4,9,2
r0,1,night,5,4,0
r0,2,early,6,10,2
r0,2,late,7,8,2
r0,2,night,8,6,1
r0,3,early,9,7,2
r0,3,late,10,10,2
r0,3,night,11,5,1
r0,4,early,12,10,2
r0,4,late,13,9,0
r0,4,night,14,6,1
r0,5,early,15,9,2
r0,5,late,16,7,1
r0,5,night,17,3,0
r0,6,early,18,7,2
r0,6,late,19,8,2
r0,6,night,20,5,1
r0,7,early,21,12,2
r0,7,late,22,9,2
r0,7,night,23,5,1
r0,8,early,24,11,2
r0,8,late,25,11,2
r0,8,night,26,5,1
r0,9,early,27,10,2
r0,9,late,28,9,2
r0,9,night,29,6,1
r0,10,early,30,8,1
r0,10,late,31,7,2
r0,10,night,32,6,1
r0,11,early,33,6,1
r0,11,late,34,6,1
r0,11,night,35,5,1
r0,12,early,36,5,1
r0,12,late,37,3,2
r0,12,night,38,4,1
r0,13,early,39,2,2
r0,13,late,40,1,1
r0,13,night,41,1,0
r1,0,early,0,3,2
r1,0,late,1,3,2
r1,0,night,2,2,0
r1,1,early,3,6,2
r1,1,late,4,7,2
r1,1,night,5,4,0
r1,2,early,6,9,2
r1,2,late,7,9,2
r1,2,night,8,6,0
r1,3,early,9,9,0
r1,3,late,10,9,2
r1,3,night,11,4,1
r1,4,early,12,11,2
r1,4,late,13,5,2
r1,4,night,14,6,1
r1,5,early,15,9,2
r1,5,late,16,9,2
r1,5,night,17,6,1
r1,6,early,18,6,2
r1,6,late,19,9,2
r1,6,night,20,5,1
r1,7,early,21,7,2
r1,7,late,22,6,2
r1,7,night,23,5,0
r1,8,early,24,8,1
r1,8,late,25,8,1
r1,8,night,26,5,1
r1,9,early,27,3,2
r1,9,late,28,3,2
r1,9,night,29,1,1
r2,0,early,0,6,2
r2,0,late,1,4,0
r2,0,night,2,2,0
r2,1,early,3,2,1
r2,1,late,4,4,2
r2,1,night,5,2,0
r2,2,early,6,5,1
r2,2,late,7,5,2
r2,2,night,8,2,0
r2,3,early,9,6,0
r2,3,late,10,6,2
r2,3,night,11,2,0
r2,4,early,12,3,1
r2,4,late,13,5,1
r2,4,night,14,2,1
r2,5,early,15,3,1
r2,5,late,16,4,1
r2,5,night,17,2,0
r2,6,early,18,5,2
r2,6,late,19,5,1
r2,6,night,20,2,0
r2,7,early,21,4,1
r2,7,late,22,6,2
r2,7,night,23,3,0
r2,8,early,24,5,2
r2,8,late,25,4,2
r2,8,night,26,3,0
r2,9,early,27,5,0
r2,9,late,28,4,1
r2,9,night,29,3,1
r2,10,early,30,6,2
r2,10,late,31,4,1
r2,10,night,32,3,0
r2,11,early,33,4,0
r2,11,late,34,4,2
r2,11,night,35,4,1
r2,12,early,36,3,2
r2,12,late,37,5,1
r2,12,night,38,3,0
r2,13,early,39,3,2
r2,13,late,40,2,1
r2,13,night,41,1,1
r3,0,early,0,2,1
r3,0,late,1,2,0
r3,0,night,2,1,1
r3,1,early,3,3,0
r3,1,late,4,1,0
r3,1,night,5,1,1
r3,2,early,6,7,1
r3,2,late,7,7,2
r3,2,night,8,6,1
r3,3,early,9,11,2
r3,3,late,10,10,2
r3,3,night,11,6,1
r3,4,early,12,8,1
r3,4,late,13,7,2
r3,4,night,14,6,0
r3,5,early,15,8,2
r3,5,late,16,9,2
r3,5,night,17,8,1
r3,6,early,18,8,2
r3,6,late,19,9,2
r3,6,night,20,7,1
r3,7,early,21,9,2
r3,7,late,22,7,1
r3,7,night,23,6,0
r3,8,early,24,6,1
r3,8,late,25,6,2
r3,8,night,26,2,0
r3,9,early,27,9,1
r3,9,late,28,9,2
r3,9,night,29,4,1
r3,10,early,30,9,2
r3,10,late,31,10,2
r3,10,night,32,7,1
r3,11,early,33,6,2
r3,11,late,34,4,2
r3,11,night,35,4,1
r3,12,early,36,7,2
r3,12,late,37,8,2
r3,12,night,38,6,1
r4,0,early,0,6,2
r4,0,late,1,8,2
r4,0,night,2,3,1
r4,1,early,3,9,2
r4,1,late,4,6,2
r4,1,night,5,5,1
r4,2,early,6,9,2
r4,2,late,7,6,2
r4,2,night,8,7,1
r4,3,early,9,8,1
r4,3,late,10,10,1
r4,3,night,11,7,0
r4,4,early,12,9,2
r4,4,late,13,7,2
r4,4,night,14,5,1
r4,5,early,15,8,2
r4,5,late,16,8,2
r4,5,night,17,5,1
r4,6,early,18,8,2
r4,6,late,19,7,2
r4,6,night,20,6,0
r4,7,early,21,2,2
r4,7,late,22,2,2
r4,7,night,23,1,0
r4,8,early,24,2,1
r4,8,late,25,2,2
r4,8,night,26,1,1
r4,9,early,27,2,0
r4,9,late,28,2,1
r4,9,night,29,2,0
r4,10,early,30,1,2
r4,10,late,31,3,1
r4,10,night,32,2,1
r4,11,early,33,2,0
r4,11,late,34,2,0
r4,11,night,35,1,1
r4,12,early,36,3,0
r4,12,late,37,1,1
r4,12,night,38,1,0
r5,1,early,3,6,2
r5,1,late,4,4,2
r5,1,night,5,3,1
r5,2,early,6,4,1
r5,2,late,7,5,2
r5,2,night,8,2,1
r5,3,early,9,5,2
r5,3,late,10,6,2
r5,3,night,11,2,0
r5,4,early,12,5,1
r5,4,late,13,4,2
r5,4,night,14,3,1
r5,5,early,15,5,1
r5,5,late,16,4,1
r5,5,night,17,3,0
r5,6,early,18,5,1
r5,6,late,19,4,1
r5,6,night,20,2,1
r5,7,early,21,2,1
r5,7,late,22,3,1
r5,7,night,23,2,0
r5,8,early,24,1,0
r5,8,late,25,2,2
r5,8,night,26,2,0
r6,0,early,0,3,0
r6,0,late,1,2,1
r6,0,night,2,1,0
r6,1,early,3,3,0
r6,1,late,4,2,1
r6,1,night,5,1,1
r6,2,early,6,2,1
r6,2,late,7,1,0
r6,2,night,8,1,0
r6,3,early,9,5,1
r6,3,late,10,5,2
r6,3,night,11,3,0
r6,4,early,12,5,2
r6,4,late,13,5,2
r6,4,night,14,2,0
r6,5,early,15,4,1
r6,5,late,16,5,2
r6,5,night,17,3,1
r6,6,early,18,5,1
r6,6,late,19,3,2
r6,6,night,20,2,1
r6,7,early,21,4,1
r6,7,late,22,5,1
r6,7,night,23,2,1
r6,8,early,24,1,1
r6,8,late,25,2,1
r6,8,night,26,1,1
r7,0,early,0,2,1
r7,0,late,1,3,0
r7,0,night,2,2,0
r7,1,early,3,7,2
r7,1,late,4,8,2
r7,1,night,5,4,1
r7,2,early,6,8,2
r7,2,late,7,6,1
r7,2,night,8,4,1
r7,3,early,9,10,2
r7,3,late,10,9,2
r7,3,night,11,6,1
r7,4,early,12,9,2
r7,4,late,13,9,2
r7,4,night,14,7,1
r7,5,early,15,6,2
r7,5,late,16,5,1
r7,5,night,17,4,1
r7,6,early,18,5,0
r7,6,late,19,4,1
r7,6,night,20,3,1
r7,7,early,21,2,2
r7,7,late,22,2,0
r7,7,night,23,2,1
r7,8,early,24,2,0
r7,8,late,25,2,1
r7,8,night,26,2,1
r7,9,early,27,2,1
r7,9,late,28,2,2
r7,9,night,29,1,0
r7,10,early,30,3,0
r7,10,late,31,3,0
r7,10,night,32,1,1
r8,0,early,0,6,2
r8,0,late,1,4,2
r8,0,night,2,3,0
r8,1,early,3,6,2
r8,1,late,4,3,2
r8,1,night,5,2,1
r8,2,early,6,4,2
r8,2,late,7,5,2
r8,2,night,8,2,1
r8,3,early,9,6,1
r8,3,late,10,6,2
r8,3,night,11,3,1
r8,4,early,12,8,1
r8,4,late,13,8,1
r8,4,night,14,3,1
r8,5,early,15,3,1
r8,5,late,16,2,2
r8,5,night,17,3,1
r8,6,early,18,3,0
r8,6,late,19,2,1
r8,6,night,20,1,1
r8,7,early,21,7,2
r8,7,late,22,7,2
r8,7,night,23,4,0
r8,8,early,24,9,1
r8,8,late,25,6,2
r8,8,night,26,4,1
r8,9,early,27,7,2
r8,9,late,28,8,1
r8,9,night,29,5,1
r8,10,early,30,8,2
r8,10,late,31,8,2
r8,10,night,32,3,1
r8,11,early,33,5,2
r8,11,late,34,3,2
r8,11,night,35,3,1
r8,12,early,36,5,2
r8,12,late,37,5,0
r8,12,night,38,3,1
